sha,message,author_name,author_email,date
,,,,
2aba0d412f636cf377c9549da18f8009d214c0aa,"Merge pull request #3 from cjn7005/rm0-dev

Rm0 dev",cjn7005,cjn7005@g.rit.edu,2025-09-17T17:11:16+00:00
a60d640c82e44dd60b13ef47816b410280de5088,"Merge pull request #2 from cjn7005/cjn7005-patch-1

Create python-app.yml",cjn7005,cjn7005@g.rit.edu,2025-09-17T17:10:06+00:00
50f30f3b8ddc6ca214095c8a4ee32c4f09c788d9,Create python-app.yml,cjn7005,cjn7005@g.rit.edu,2025-09-17T17:09:43+00:00
6bbfdf99f35c322c7752eaed48d254ec8019e71b,nevermind,cjn7005,cjn7005@g.rit.edu,2025-09-17T17:05:24+00:00
7eb7309b3ef1cc11aafde534f15a01411ff4bfc6,workflow,cjn7005,cjn7005@g.rit.edu,2025-09-17T17:02:07+00:00
1708b1f1674fa0c9e1cd3ea768c5aee36196e68b,setup,cjn7005,cjn7005@g.rit.edu,2025-09-17T16:52:13+00:00
b79438b03adb6f609c0bb55b4b72b031db3d724a,Initial commit,cjn7005,cjn7005@g.rit.edu,2025-09-16T14:49:49+00:00
